DK-Guest,-93,6,58:d5:6e:51:3a:fc,WPA2,2019-9-20T16:40:10.0Z,41.071014,16.982971,76.80,25.00,0.30,7
TIM-62863885,-57,11,d4:60:e3:dd:9c:33,WPA2,2019-9-20T16:40:25.0Z,41.070999,16.982944,73.30,25.00,0.30,9
YICarCam_ca5139,-69,7,58:70:c6:ca:51:39,WPA2,2019-9-20T16:40:25.0Z,41.070999,16.982944,73.30,25.00,0.30,9
TIM-49495742,-81,6,78:81:02:23:4d:ab,WPA2,2019-9-20T16:40:25.0Z,41.070999,16.982944,73.30,25.00,0.30,9
TNCAP1CB8C3,-87,1,c4:ea:1d:1c:b8:c3,WPA2,2019-9-20T16:40:25.0Z,41.070999,16.982944,73.30,25.00,0.30,9
WOW FI - FASTWEB,-87,1,c6:ea:1d:1c:b8:c4,Unknown,2019-9-20T16:40:25.0Z,41.070999,16.982944,73.30,25.00,0.30,9
TIM-62863885,-56,11,d4:60:e3:dd:9c:33,WPA2,2019-9-20T16:40:41.0Z,41.070999,16.982924,73.30,25.00,0.04,9
YICarCam_ca5139,-70,7,58:70:c6:ca:51:39,WPA2,2019-9-20T16:40:41.0Z,41.070999,16.982924,73.30,25.00,0.04,9
TIM-49495742,-81,6,78:81:02:23:4d:ab,WPA2,2019-9-20T16:40:41.0Z,41.070999,16.982924,73.30,25.00,0.04,9
TNCAP1CB8C3,-87,1,c4:ea:1d:1c:b8:c3,WPA2,2019-9-20T16:40:41.0Z,41.070999,16.982924,73.30,25.00,0.04,9
WOW FI - FASTWEB,-88,1,c6:ea:1d:1c:b8:c4,Unknown,2019-9-20T16:40:41.0Z,41.070999,16.982924,73.30,25.00,0.04,9
TIM-62863885,-63,11,d4:60:e3:dd:9c:33,WPA2,2019-9-20T16:41:12.0Z,41.071026,16.982899,62.00,25.00,0.04,9
YICarCam_ca5139,-72,7,58:70:c6:ca:51:39,WPA2,2019-9-20T16:41:12.0Z,41.071026,16.982899,62.00,25.00,0.04,9
TIM-49495742,-87,6,78:81:02:23:4d:ab,WPA2,2019-9-20T16:41:12.0Z,41.071026,16.982899,62.00,25.00,0.04,9
WOW FI - FASTWEB,-90,1,c6:ea:1d:1c:b8:c4,Unknown,2019-9-20T16:41:12.0Z,41.071026,16.982899,62.00,25.00,0.04,9
TNCAP1CB8C3,-92,1,c4:ea:1d:1c:b8:c3,WPA2,2019-9-20T16:41:12.0Z,41.071026,16.982899,62.00,25.00,0.04,9
DK-Guest,-97,6,58:d5:6e:51:3a:fc,WPA2,2019-9-20T16:41:12.0Z,41.071026,16.982899,62.00,25.00,0.04,9
TIM-62863885,-73,11,d4:60:e3:dd:9c:33,WPA2,2019-9-20T16:41:28.0Z,41.071056,16.982847,62.00,25.00,0.11,9
TIM-49495742,-89,6,78:81:02:23:4d:ab,WPA2,2019-9-20T16:41:28.0Z,41.071056,16.982847,62.00,25.00,0.11,9
TIM-92099820,-94,6,3c:98:72:5b:c8:8b,WPA2,2019-9-20T16:41:28.0Z,41.071056,16.982847,62.00,25.00,0.11,9
TIM-62863885,-55,11,d4:60:e3:dd:9c:33,WPA2,2019-9-20T16:41:28.0Z,41.071056,16.982847,62.20,25.00,0.11,9
TNCAP1CB8C3,-79,1,c4:ea:1d:1c:b8:c3,WPA2,2019-9-20T16:41:28.0Z,41.071056,16.982847,62.20,25.00,0.11,9
WOW FI - FASTWEB,-79,1,c6:ea:1d:1c:b8:c4,Unknown,2019-9-20T16:41:28.0Z,41.071056,16.982847,62.20,25.00,0.11,9
TIM-49495742,-92,6,78:81:02:23:4d:ab,WPA2,2019-9-20T16:41:28.0Z,41.071056,16.982847,62.20,25.00,0.11,9
TIM-62863885,-85,11,d4:60:e3:dd:9c:33,WPA2,2019-9-20T16:41:59.0Z,41.071083,16.982916,62.20,75.34,2.57,9
TIM-92099820,-88,6,3c:98:72:5b:c8:8b,WPA2,2019-9-20T16:41:59.0Z,41.071083,16.982916,62.20,75.34,2.57,9
TIM-49495742,-94,6,78:81:02:23:4d:ab,WPA2,2019-9-20T16:41:59.0Z,41.071083,16.982916,62.20,75.34,2.57,9
TNCAP1CB8C3,-88,1,c4:ea:1d:1c:b8:c3,WPA2,2019-9-20T16:41:59.0Z,41.071083,16.982916,57.90,75.34,2.57,9
WOW FI - FASTWEB,-88,1,c6:ea:1d:1c:b8:c4,Unknown,2019-9-20T16:41:59.0Z,41.071083,16.982916,57.90,75.34,2.57,9
TIM-49495742,-91,6,78:81:02:23:4d:ab,WPA2,2019-9-20T16:41:59.0Z,41.071083,16.982916,57.90,75.34,2.57,9
TIM-92099820,-92,6,3c:98:72:5b:c8:8b,WPA2,2019-9-20T16:41:59.0Z,41.071083,16.982916,57.90,75.34,2.57,9
DK-Guest,-92,6,58:d5:6e:51:3a:fc,WPA2,2019-9-20T16:41:59.0Z,41.071083,16.982916,57.90,75.34,2.57,9
ZyXEL_FF4F,-81,11,90:ef:68:d4:ff:4f,WPA2,2019-9-20T16:42:30.0Z,41.070957,16.983068,57.90,167.30,3.93,9
TISCALI_333E,-92,9,b8:d5:26:11:33:3e,WPA2,2019-9-20T16:42:30.0Z,41.070957,16.983068,57.90,167.30,3.93,9
TISCALI_333E,-80,9,b8:d5:26:11:33:3e,WPA2,2019-9-20T16:42:30.0Z,41.070957,16.983068,58.50,167.30,3.93,9
ZyXEL_FF4F,-87,11,90:ef:68:d4:ff:4f,WPA2,2019-9-20T16:42:30.0Z,41.070957,16.983068,58.50,167.30,3.93,9
Vodafone-30583178,-88,13,90:35:6e:4a:27:88,WPA2,2019-9-20T16:42:30.0Z,41.070957,16.983068,58.50,167.30,3.93,9
TIM-18574975,-93,1,20:b0:01:1b:6e:7f,WPA2,2019-9-20T16:42:30.0Z,41.070957,16.983068,58.50,167.30,3.93,9
TIM-93192081,-95,1,e0:60:66:ce:75:33,WPA2,2019-9-20T16:42:30.0Z,41.070957,16.983068,58.50,167.30,3.93,9
TISCALI_333E,-84,9,b8:d5:26:11:33:3e,WPA2,2019-9-20T16:43:1.0Z,41.070709,16.983093,58.50,170.59,3.63,9
TIM-18574975,-89,1,20:b0:01:1b:6e:7f,WPA2,2019-9-20T16:43:1.0Z,41.070709,16.983093,58.50,170.59,3.63,9
TIM-93192081,-92,1,e0:60:66:ce:75:33,WPA2,2019-9-20T16:43:1.0Z,41.070709,16.983093,58.50,170.59,3.63,9
Home&Life SuperWiFi-7281,-93,4,c8:54:4b:c4:72:81,WPA2,2019-9-20T16:43:1.0Z,41.070709,16.983093,58.50,170.59,3.63,9
TIM-21283593,-94,11,a4:91:b1:44:c3:09,WPA2,2019-9-20T16:43:1.0Z,41.070709,16.983093,58.50,170.59,3.63,9
Home&Life SuperWiFi-7281,-81,4,c8:54:4b:c4:72:81,WPA2,2019-9-20T16:43:1.0Z,41.070709,16.983093,58.80,170.59,3.63,9
TIM-21283593_EXT,-87,11,08:02:8e:a5:ce:9b,WPA2,2019-9-20T16:43:1.0Z,41.070709,16.983093,58.80,170.59,3.63,9
TIM-21283593,-87,11,a4:91:b1:44:c3:09,WPA2,2019-9-20T16:43:1.0Z,41.070709,16.983093,58.80,170.59,3.63,9
TISCALI_333E,-93,9,b8:d5:26:11:33:3e,WPA2,2019-9-20T16:43:1.0Z,41.070709,16.983093,58.80,170.59,3.63,9
ZyXEL_FF4F,-95,11,90:ef:68:d4:ff:4f,WPA2,2019-9-20T16:43:1.0Z,41.070709,16.983093,58.80,170.59,3.63,9
TIM-21283593,-91,11,a4:91:b1:44:c3:09,WPA2,2019-9-20T16:43:17.0Z,41.070572,16.983116,58.80,170.59,3.09,9
Linkem_13D304,-92,2,80:02:9c:13:d3:05,WPA2,2019-9-20T16:43:17.0Z,41.070572,16.983116,58.80,170.59,3.09,9
TIM-21283593_EXT,-93,11,08:02:8e:a5:ce:9b,WPA2,2019-9-20T16:43:17.0Z,41.070572,16.983116,58.80,170.59,3.09,9
Linkem_13D304,-82,2,80:02:9c:13:d3:05,WPA2,2019-9-20T16:43:33.0Z,41.070396,16.983158,58.80,160.83,4.83,9
Linkem_13D304,-84,2,80:02:9c:13:d3:05,WPA2,2019-9-20T16:43:33.0Z,41.070396,16.983158,62.90,160.83,4.83,9
Telecom-30179161,-92,1,c4:ea:1d:b8:41:59,WPA2,2019-9-20T16:43:33.0Z,41.070396,16.983158,62.90,160.83,4.83,9
TIM-83533192,-82,11,b4:a5:ef:9b:e4:c3,WPA2,2019-9-20T16:43:48.0Z,41.070248,16.983219,62.90,165.73,3.80,9
Vodafone-30160807,-85,4,90:35:6e:8b:eb:78,WPA2,2019-9-20T16:43:48.0Z,41.070248,16.983219,62.90,165.73,3.80,9
Telecom-30179161,-91,1,c4:ea:1d:b8:41:59,WPA2,2019-9-20T16:43:48.0Z,41.070248,16.983219,62.90,165.73,3.80,9
Home&Life SuperWiFi-C265,-93,1,c8:54:4b:b4:c2:65,WPA2,2019-9-20T16:43:48.0Z,41.070248,16.983219,62.90,165.73,3.80,9
FASTWEB-5FQH7R,-94,1,08:6a:0a:e7:b5:9d,WPA2,2019-9-20T16:43:48.0Z,41.070248,16.983219,62.90,165.73,3.80,9
WOW FI - FASTWEB,-95,1,6a:6a:0a:e7:b5:9e,Unknown,2019-9-20T16:43:48.0Z,41.070248,16.983219,62.90,165.73,3.80,9
WOW FI - FASTWEB,-86,1,6a:6a:0a:e7:b5:9e,Unknown,2019-9-20T16:44:34.0Z,41.069790,16.983459,59.60,165.73,3.80,9
FASTWEB-5FQH7R,-88,1,08:6a:0a:e7:b5:9d,WPA2,2019-9-20T16:44:34.0Z,41.069790,16.983459,59.60,165.73,3.80,9
TIM-83533192,-89,11,b4:a5:ef:9b:e4:c3,WPA2,2019-9-20T16:44:34.0Z,41.069790,16.983459,59.60,165.73,3.80,9
Vodafone-30160807,-91,4,90:35:6e:8b:eb:78,WPA2,2019-9-20T16:44:34.0Z,41.069790,16.983459,59.60,165.73,3.80,9
TIM-20551173,-91,11,a4:91:b1:39:96:05,WPA2,2019-9-20T16:44:34.0Z,41.069790,16.983459,59.60,165.73,3.80,9
Telecom-30179161,-93,1,c4:ea:1d:b8:41:59,WPA2,2019-9-20T16:44:34.0Z,41.069790,16.983459,59.60,165.73,3.80,9
Home&Life SuperWiFi-C265,-94,1,c8:54:4b:b4:c2:65,WPA2,2019-9-20T16:44:34.0Z,41.069790,16.983459,59.60,165.73,3.80,9
Vodafone-30160807,-84,4,90:35:6e:8b:eb:78,WPA2,2019-9-20T16:44:50.0Z,41.069645,16.983536,59.60,150.45,6.32,9
TIM-20551173,-86,11,a4:91:b1:39:96:05,WPA2,2019-9-20T16:44:50.0Z,41.069645,16.983536,59.60,150.45,6.32,9
FASTWEB-5FQH7R,-91,1,08:6a:0a:e7:b5:9d,WPA2,2019-9-20T16:44:50.0Z,41.069645,16.983536,59.60,150.45,6.32,9
Home&Life SuperWiFi-C265,-92,1,c8:54:4b:b4:c2:65,WPA2,2019-9-20T16:44:50.0Z,41.069645,16.983536,59.60,150.45,6.32,9
TIM-83533192,-92,11,b4:a5:ef:9b:e4:c3,WPA2,2019-9-20T16:44:50.0Z,41.069645,16.983536,59.60,150.45,6.32,9
TIM-20863827,-93,1,a4:91:b1:3e:5b:53,WPA2,2019-9-20T16:44:50.0Z,41.069645,16.983536,59.60,150.45,6.32,9
WOW FI - FASTWEB,-94,1,6a:6a:0a:e7:b5:9e,Unknown,2019-9-20T16:44:50.0Z,41.069645,16.983536,59.60,150.45,6.32,9
Vodafone-30160807,-78,4,90:35:6e:8b:eb:78,WPA2,2019-9-20T16:44:50.0Z,41.069645,16.983536,61.50,150.45,6.32,9
Vodafone-34812121,-90,13,bc:15:ac:75:78:e9,WPA2,2019-9-20T16:44:50.0Z,41.069645,16.983536,61.50,150.45,6.32,9
Vodafone-WiFi,-91,13,bc:15:ac:75:78:eb,None,2019-9-20T16:44:50.0Z,41.069645,16.983536,61.50,150.45,6.32,9
TIM-20863827,-92,1,a4:91:b1:3e:5b:53,WPA2,2019-9-20T16:44:50.0Z,41.069645,16.983536,61.50,150.45,6.32,9
Infostrada-51BB34,-92,1,28:3b:82:51:bb:35,WPA2,2019-9-20T16:44:50.0Z,41.069645,16.983536,61.50,150.45,6.32,9
FASTWEB-5FQH7R,-94,1,08:6a:0a:e7:b5:9d,WPA2,2019-9-20T16:44:50.0Z,41.069645,16.983536,61.50,150.45,6.32,9
WOW FI - FASTWEB,-94,1,6a:6a:0a:e7:b5:9e,Unknown,2019-9-20T16:44:50.0Z,41.069645,16.983536,61.50,150.45,6.32,9
Home&Life SuperWiFi-C265,-95,1,c8:54:4b:b4:c2:65,WPA2,2019-9-20T16:44:50.0Z,41.069645,16.983536,61.50,150.45,6.32,9
Vodafone-30160807,-84,4,90:35:6e:8b:eb:78,WPA2,2019-9-20T16:45:6.0Z,41.069492,16.983644,61.50,153.50,2.96,9
Infostrada-51BB34,-86,1,28:3b:82:51:bb:35,WPA2,2019-9-20T16:45:6.0Z,41.069492,16.983644,61.50,153.50,2.96,9
Vodafone-WiFi,-90,13,bc:15:ac:75:78:eb,None,2019-9-20T16:45:6.0Z,41.069492,16.983644,61.50,153.50,2.96,9
TIM-88870949,-93,1,78:94:b4:19:80:13,WPA2,2019-9-20T16:45:6.0Z,41.069492,16.983644,61.50,153.50,2.96,9
Linkem2.4GHz_6142FB,-93,9,1c:49:7b:61:42:fc,WPA2,2019-9-20T16:45:6.0Z,41.069492,16.983644,61.50,153.50,2.96,9
Vodafone-34812121,-93,13,bc:15:ac:75:78:e9,WPA2,2019-9-20T16:45:6.0Z,41.069492,16.983644,61.50,153.50,2.96,9
Infostrada-51BB34,-88,1,28:3b:82:51:bb:35,WPA2,2019-9-20T16:45:37.0Z,41.069199,16.983917,61.50,138.03,6.30,9
Linkem2.4GHz_6142FB,-91,9,1c:49:7b:61:42:fc,WPA2,2019-9-20T16:45:37.0Z,41.069199,16.983917,61.50,138.03,6.30,9
Vodafone-30160807,-94,4,90:35:6e:8b:eb:78,WPA2,2019-9-20T16:45:37.0Z,41.069199,16.983917,61.50,138.03,6.30,9
Vodafone-34812121,-95,13,bc:15:ac:75:78:e9,WPA2,2019-9-20T16:45:37.0Z,41.069199,16.983917,61.50,138.03,6.30,9
Vodafone-WiFi,-95,13,bc:15:ac:75:78:eb,None,2019-9-20T16:45:37.0Z,41.069199,16.983917,61.50,138.03,6.30,9
dlink-D3ED,-84,6,78:32:1b:f2:d3:ef,WPA2,2019-9-20T16:45:37.0Z,41.069199,16.983917,59.00,138.03,6.30,9
TIM-28275109,-86,6,10:13:31:af:71:a5,WPA2,2019-9-20T16:45:37.0Z,41.069199,16.983917,59.00,138.03,6.30,9
Vodafone-WiFi,-87,10,e4:8f:34:4a:a0:ee,None,2019-9-20T16:45:37.0Z,41.069199,16.983917,59.00,138.03,6.30,9
TNCAP993E39,-88,1,9c:97:26:99:3e:39,WPA2,2019-9-20T16:45:37.0Z,41.069199,16.983917,59.00,138.03,6.30,9
Vodafone-78166653,-88,10,e4:8f:34:4a:a0:ec,WPA2,2019-9-20T16:45:37.0Z,41.069199,16.983917,59.00,138.03,6.30,9
WOW FI - FASTWEB,-89,1,9e:97:26:99:3e:3a,Unknown,2019-9-20T16:45:37.0Z,41.069199,16.983917,59.00,138.03,6.30,9
Vodafone-Guest,-89,10,e4:8f:34:4a:a0:ed,WPA2,2019-9-20T16:45:37.0Z,41.069199,16.983917,59.00,138.03,6.30,9
Linkem2.4GHz_6142FB,-90,9,1c:49:7b:61:42:fc,WPA2,2019-9-20T16:45:37.0Z,41.069199,16.983917,59.00,138.03,6.30,9
Vodafone-34760857_EXT,-77,3,64:d1:a3:1b:07:97,WPA2,2019-9-20T16:45:53.0Z,41.069046,16.984077,59.00,142.50,4.46,9
dlink-D3ED,-91,6,78:32:1b:f2:d3:ef,WPA2,2019-9-20T16:45:53.0Z,41.069046,16.984077,59.00,142.50,4.46,9
WOW FI - FASTWEB,-93,1,9e:97:26:99:3e:3a,Unknown,2019-9-20T16:45:53.0Z,41.069046,16.984077,59.00,142.50,4.46,9
PT2,-94,1,30:b5:c2:64:82:f3,WPA2,2019-9-20T16:45:53.0Z,41.069046,16.984077,59.00,142.50,4.46,9
ECOVACS_1093,-94,1,de:4f:22:08:3b:f2,None,2019-9-20T16:45:53.0Z,41.069046,16.984077,59.00,142.50,4.46,9
TNCAP993E39,-95,1,9c:97:26:99:3e:39,WPA2,2019-9-20T16:45:53.0Z,41.069046,16.984077,59.00,142.50,4.46,9
TIM-30261647,-95,11,a4:91:b1:cd:c1:8f,WPA2,2019-9-20T16:46:9.0Z,41.068947,16.984234,59.00,142.50,1.11,9
Vodafone-34684586,-96,8,bc:15:ac:55:87:b9,WPA2,2019-9-20T16:46:9.0Z,41.068947,16.984234,59.00,142.50,1.11,9
Vodafone-34760857_EXT,-93,3,64:d1:a3:1b:07:97,WPA2,2019-9-20T16:46:9.0Z,41.068947,16.984234,62.80,142.50,1.11,9
TIM-30261647,-95,11,a4:91:b1:cd:c1:8f,WPA2,2019-9-20T16:46:9.0Z,41.068947,16.984234,62.80,142.50,1.11,9
TIM-04759772,-84,2,78:81:02:23:4d:5b,WPA2,2019-9-20T16:46:40.0Z,41.069237,16.984528,62.80,142.50,2.59,9
Vodafone-34684586,-90,8,bc:15:ac:55:87:b9,WPA2,2019-9-20T16:46:40.0Z,41.069237,16.984528,62.80,142.50,2.59,9
TIM-30261647,-92,11,a4:91:b1:cd:c1:8f,WPA2,2019-9-20T16:46:40.0Z,41.069237,16.984528,62.80,142.50,2.59,9
TIM-04759772,-94,2,78:81:02:23:4d:5b,WPA2,2019-9-20T16:46:56.0Z,41.069405,16.984648,62.80,142.50,2.06,9
ABB-8c-45-00-f7-a5-cf,-90,1,8c:45:00:f7:a5:cf,WPA2,2019-9-20T16:47:11.0Z,41.069576,16.984774,60.90,142.50,2.06,9
TIM-04759772,-92,2,78:81:02:23:4d:5b,WPA2,2019-9-20T16:47:11.0Z,41.069576,16.984774,60.90,142.50,2.06,9
FASTWEB-J1GEH1_2GEXT,-94,6,cc:40:d0:89:5e:ad,WPA2,2019-9-20T16:47:11.0Z,41.069576,16.984774,60.90,142.50,2.06,9
SMARTCAM_55324,-94,6,78:c4:0e:40:37:ee,None,2019-9-20T16:47:11.0Z,41.069576,16.984774,60.90,142.50,2.06,9
Vodafone-34684586,-94,8,bc:15:ac:55:87:b9,WPA2,2019-9-20T16:47:11.0Z,41.069576,16.984774,60.90,142.50,2.06,9
Vodafone-33604401,-96,8,64:59:f8:23:4c:38,WPA2,2019-9-20T16:47:11.0Z,41.069576,16.984774,60.90,142.50,2.06,9
Vodafone-A63370828,-89,13,e4:8f:34:b2:0d:a5,WPA2,2019-9-20T16:47:43.0Z,41.069805,16.984879,60.90,35.00,3.33,9
Vodafone-34684586,-91,8,bc:15:ac:55:87:b9,WPA2,2019-9-20T16:47:43.0Z,41.069805,16.984879,60.90,35.00,3.33,9
Vodafone-WiFi,-91,13,82:8f:34:b2:0d:a6,None,2019-9-20T16:47:43.0Z,41.069805,16.984879,60.90,35.00,3.33,9
SMARTCAM_55324,-94,6,78:c4:0e:40:37:ee,None,2019-9-20T16:47:43.0Z,41.069805,16.984879,60.90,35.00,3.33,9
TIM-30261647,-94,11,a4:91:b1:cd:c1:8f,WPA2,2019-9-20T16:47:43.0Z,41.069805,16.984879,60.90,35.00,3.33,9
ABB-8c-45-00-f7-a5-cf,-84,1,8c:45:00:f7:a5:cf,WPA2,2019-9-20T16:47:43.0Z,41.069805,16.984879,60.20,35.00,3.33,9
Vodafone-34760857_EXT,-92,3,64:d1:a3:1b:07:97,WPA2,2019-9-20T16:47:43.0Z,41.069805,16.984879,60.20,35.00,3.33,9
Vodafone-34684586,-92,8,bc:15:ac:55:87:b9,WPA2,2019-9-20T16:47:43.0Z,41.069805,16.984879,60.20,35.00,3.33,9
ABB-a4-08-ea-c0-12-59,-94,1,a4:08:ea:c0:12:59,WPA,2019-9-20T16:47:43.0Z,41.069805,16.984879,60.20,35.00,3.33,9
ABB-8c-45-00-f7-a5-cf,-90,1,8c:45:00:f7:a5:cf,WPA2,2019-9-20T16:47:59.0Z,41.070011,16.985003,60.20,20.21,6.35,9
Vodafone-34760857_EXT,-92,3,64:d1:a3:1b:07:97,WPA2,2019-9-20T16:47:59.0Z,41.070011,16.985003,60.20,20.21,6.35,9
Vodafone-A41447004,-92,13,bc:15:ac:e2:3a:84,WPA2,2019-9-20T16:47:59.0Z,41.070011,16.985003,60.20,20.21,6.35,9
Vodafone-WiFi,-92,13,92:15:ac:e2:3a:85,None,2019-9-20T16:47:59.0Z,41.070011,16.985003,60.20,20.21,6.35,9
ABB-a4-08-ea-c0-12-59,-93,1,a4:08:ea:c0:12:59,WPA,2019-9-20T16:47:59.0Z,41.070011,16.985003,60.20,20.21,6.35,9
Home&Life SuperWiFi-B1A1,-93,4,c8:54:4b:cb:b1:a1,WPA2,2019-9-20T16:47:59.0Z,41.070011,16.985003,60.20,20.21,6.35,9
TIM-30261647,-93,11,a4:91:b1:cd:c1:8f,WPA2,2019-9-20T16:47:59.0Z,41.070011,16.985003,60.20,20.21,6.35,9
ABB-8c-45-00-f7-a5-cf,-92,1,8c:45:00:f7:a5:cf,WPA2,2019-9-20T16:48:15.0Z,41.070175,16.985151,60.20,20.21,2.30,9
Infostrada-9BBE0C,-93,1,18:0f:76:9b:be:12,WPA2,2019-9-20T16:48:15.0Z,41.070175,16.985151,60.20,20.21,2.30,9
Vodafone-34760857_EXT,-94,3,64:d1:a3:1b:07:97,WPA2,2019-9-20T16:48:15.0Z,41.070175,16.985151,60.20,20.21,2.30,9
ABB-8c-45-00-f7-a5-cf,-86,1,8c:45:00:f7:a5:cf,WPA2,2019-9-20T16:48:15.0Z,41.070175,16.985151,60.10,20.21,2.30,9
Roberto,-90,6,10:13:31:6c:6d:c9,WPA2,2019-9-20T16:48:31.0Z,41.070366,16.985292,60.10,32.45,4.87,9
TIM-23589179,-95,6,10:13:31:67:f1:3b,WPA2,2019-9-20T16:48:31.0Z,41.070366,16.985292,60.10,32.45,4.87,9
TIM-23589179,-91,6,10:13:31:67:f1:3b,WPA2,2019-9-20T16:49:17.0Z,41.070877,16.985245,60.10,32.45,2.61,9
TIM-45600532,-94,6,d4:60:e3:db:4f:43,WPA2,2019-9-20T16:49:17.0Z,41.070877,16.985245,60.10,32.45,2.61,9
Home&Life SuperWiFi-A61D,-89,1,c8:54:4b:e6:a6:1d,WPA2,2019-9-20T16:49:17.0Z,41.070877,16.985245,65.90,32.45,2.61,8
TIM-86161713,-95,6,e0:b9:e5:22:b9:31,WPA2,2019-9-20T16:49:17.0Z,41.070877,16.985245,65.90,32.45,2.61,8
TIM-43310272,-96,11,ec:08:6b:78:0c:08,WPA2,2019-9-20T16:49:17.0Z,41.070877,16.985245,65.90,32.45,2.61,8
TIM-86161713,-91,6,e0:b9:e5:22:b9:31,WPA2,2019-9-20T16:49:49.0Z,41.071285,16.985258,65.90,5.34,6.06,8
TIM-43310272,-96,11,78:81:02:e5:28:9b,WPA2,2019-9-20T16:49:49.0Z,41.071285,16.985258,65.90,5.34,6.06,8
TIM-43310272,-96,11,ec:08:6b:78:0c:08,WPA2,2019-9-20T16:49:49.0Z,41.071285,16.985258,65.90,5.34,6.06,8
NETGEAR_EXT,-94,1,c6:3d:c7:9f:f7:b7,None,2019-9-20T16:49:49.0Z,41.071285,16.985258,63.80,5.34,6.06,9
casaturi_EXT,-94,1,78:d2:94:45:d1:fb,None,2019-9-20T16:50:5.0Z,41.071503,16.985312,63.80,5.34,3.72,9
VodafoneMobileWiFi-C50C72,-94,6,b8:bc:1b:4c:c5:0c,WPA2,2019-9-20T16:50:5.0Z,41.071503,16.985312,63.80,5.34,3.72,9
casaturi_EXT,-91,1,78:d2:94:45:d1:fb,None,2019-9-20T16:50:29.0Z,41.071716,16.985064,63.80,308.55,4.17,9
Vodafone-ZONNO,-96,11,90:35:6e:4b:7d:f8,WPA2,2019-9-20T16:50:53.0Z,41.071873,16.984695,63.80,293.36,5.87,9
Vodafone-ZONNO,-74,11,90:35:6e:4b:7d:f8,WPA2,2019-9-20T16:50:53.0Z,41.071873,16.984695,54.20,293.36,5.87,9
Vodafone-ZONNO,-94,11,90:35:6e:4b:7d:f8,WPA2,2019-9-20T16:51:8.0Z,41.071980,16.984497,54.20,305.52,3.87,9
TIM-23965441,-93,1,10:13:31:6d:af:01,WPA2,2019-9-20T16:52:7.0Z,41.072357,16.983608,54.20,299.57,5.78,9
FASTWEB-B61FC7,-95,11,a4:91:b1:b6:1f:c7,WPA2,2019-9-20T16:52:7.0Z,41.072357,16.983608,54.20,299.57,5.78,9
FASTWEB-B61FC7,-79,11,a4:91:b1:b6:1f:c7,WPA2,2019-9-20T16:53:0.0Z,41.071835,16.983200,54.20,190.67,4.89,9
WOW FI - FASTWEB,-80,11,a6:91:b1:b6:1f:ca,Unknown,2019-9-20T16:53:0.0Z,41.071835,16.983200,54.20,190.67,4.89,9
Vodafone-A66071186,-82,6,e4:8f:34:8b:c2:a5,WPA2,2019-9-20T16:53:0.0Z,41.071835,16.983200,54.20,190.67,4.89,9
Vodafone-WiFi,-83,6,82:8f:34:8b:c2:a6,None,2019-9-20T16:53:0.0Z,41.071835,16.983200,54.20,190.67,4.89,9
TP-LINK_7A5272,-91,6,18:d6:c7:7a:52:72,WPA2,2019-9-20T16:53:0.0Z,41.071835,16.983200,54.20,190.67,4.89,9
Vodafone-67870080,-92,10,bc:15:ac:1e:8f:19,WPA2,2019-9-20T16:53:0.0Z,41.071835,16.983200,54.20,190.67,4.89,9
Vodafone-WiFi,-92,10,bc:15:ac:1e:8f:1b,None,2019-9-20T16:53:0.0Z,41.071835,16.983200,54.20,190.67,4.89,9
dlink-476D,-93,11,c4:12:f5:23:47:6d,WPA2,2019-9-20T16:53:0.0Z,41.071835,16.983200,54.20,190.67,4.89,9
TP-LINK_7A5272,-90,6,18:d6:c7:7a:52:72,WPA2,2019-9-20T16:53:0.0Z,41.071835,16.983200,60.40,190.67,4.89,9
TNCAP1CB8C3,-91,1,c4:ea:1d:1c:b8:c3,WPA2,2019-9-20T16:53:0.0Z,41.071835,16.983200,60.40,190.67,4.89,9
FASTWEB-E0945B,-91,6,a4:91:b1:e0:94:5b,WPA2,2019-9-20T16:53:0.0Z,41.071835,16.983200,60.40,190.67,4.89,9
WOW FI - FASTWEB,-92,1,c6:ea:1d:1c:b8:c4,Unknown,2019-9-20T16:53:0.0Z,41.071835,16.983200,60.40,190.67,4.89,9
TIM-92099820,-92,6,3c:98:72:5b:c8:8b,WPA2,2019-9-20T16:53:0.0Z,41.071835,16.983200,60.40,190.67,4.89,9
Vodafone-WiFi,-93,10,bc:15:ac:1e:8f:1b,None,2019-9-20T16:53:0.0Z,41.071835,16.983200,60.40,190.67,4.89,9
FASTWEB-B61FC7,-93,11,a4:91:b1:b6:1f:c7,WPA2,2019-9-20T16:53:0.0Z,41.071835,16.983200,60.40,190.67,4.89,9
WOW FI - FASTWEB,-93,11,a6:91:b1:b6:1f:ca,Unknown,2019-9-20T16:53:0.0Z,41.071835,16.983200,60.40,190.67,4.89,9
WOW FI - FASTWEB,-94,6,a6:91:b1:e0:94:5e,Unknown,2019-9-20T16:53:0.0Z,41.071835,16.983200,60.40,190.67,4.89,9
Vodafone-67870080,-95,10,bc:15:ac:1e:8f:19,WPA2,2019-9-20T16:53:0.0Z,41.071835,16.983200,60.40,190.67,4.89,9
TNCAP1CB8C3,-74,1,c4:ea:1d:1c:b8:c3,WPA2,2019-9-20T16:53:52.0Z,41.071243,16.983084,60.40,182.29,4.37,9
WOW FI - FASTWEB,-74,1,c6:ea:1d:1c:b8:c4,Unknown,2019-9-20T16:53:52.0Z,41.071243,16.983084,60.40,182.29,4.37,9
TIM-92099820,-89,6,3c:98:72:5b:c8:8b,WPA2,2019-9-20T16:53:52.0Z,41.071243,16.983084,60.40,182.29,4.37,9
TIM-49495742,-93,6,78:81:02:23:4d:ab,WPA2,2019-9-20T16:53:52.0Z,41.071243,16.983084,60.40,182.29,4.37,9
TP-LINK_7A5272,-94,6,18:d6:c7:7a:52:72,WPA2,2019-9-20T16:53:52.0Z,41.071243,16.983084,60.40,182.29,4.37,9
TIM-62863885,-83,11,d4:60:e3:dd:9c:33,WPA2,2019-9-20T16:53:52.0Z,41.071243,16.983084,58.70,182.29,4.37,9
WOW FI - FASTWEB,-91,1,c6:ea:1d:1c:b8:c4,Unknown,2019-9-20T16:53:52.0Z,41.071243,16.983084,58.70,182.29,4.37,9
TIM-92099820,-92,6,3c:98:72:5b:c8:8b,WPA2,2019-9-20T16:53:52.0Z,41.071243,\16.983084,58.70,182.29,4.37,9
TNCAP1CB8C3,-93,1,c4:ea:1d:1c:b8:c3,WPA2,2019-9-20T16:53:52.0Z,41.071243,16.983084,58.70,182.29,4.37,9
TIM-49495742,-94,6,78:81:02:23:4d:ab,WPA2,2019-9-20T16:53:52.0Z,41.071243,16.983084,58.70,182.29,4.37,9
TIM-62863885,-55,11,d4:60:e3:dd:9c:33,WPA2,2019-9-20T16:54:8.0Z,41.071095,16.983042,58.70,182.29,2.54,9
TIM-49495742,-81,6,78:81:02:23:4d:ab,WPA2,2019-9-20T16:54:8.0Z,41.071095,16.983042,58.70,182.29,2.54,9
TNCAP1CB8C3,-88,1,c4:ea:1d:1c:b8:c3,WPA2,2019-9-20T16:54:8.0Z,41.071095,16.983042,58.70,182.29,2.54,9
WOW FI - FASTWEB,-88,1,c6:ea:1d:1c:b8:c4,Unknown,2019-9-20T16:54:8.0Z,41.071095,16.983042,58.70,182.29,2.54,9
TIM-62863885,-54,11,d4:60:e3:dd:9c:33,WPA2,2019-9-20T16:54:24.0Z,41.071049,16.982929,58.70,182.29,1.56,9
TIM-49495742,-81,6,78:81:02:23:4d:ab,WPA2,2019-9-20T16:54:24.0Z,41.071049,16.982929,58.70,182.29,1.56,9
TNCAP1CB8C3,-85,1,c4:ea:1d:1c:b8:c3,WPA2,2019-9-20T16:54:24.0Z,41.071049,16.982929,58.70,182.29,1.56,9
WOW FI - FASTWEB,-86,1,c6:ea:1d:1c:b8:c4,Unknown,2019-9-20T16:54:24.0Z,41.071049,16.982929,58.70,182.29,1.56,9
TIM-92099820,-93,6,3c:98:72:5b:c8:8b,WPA2,2019-9-20T16:54:24.0Z,41.071049,16.982929,58.70,182.29,1.56,9